Sector	Key Industries	Nature
Financials	Banks, insurance companies, asset managers, investment firms	Cyclical
Information Technology	Software, hardware, semiconductors, IT services	Growth/Cyclical
Health Care	Pharmaceuticals, biotech, medical devices, hospitals	Defensive
Consumer Discretionary	Non-essential goods & services — retail, autos, leisure	Cyclical
Consumer Staples	Essential everyday goods — food, beverages, household products	Defensive
Energy	Oil, gas, coal, renewable energy	Cyclical
Industrials	Manufacturing, aerospace, defense, transportation, logistics	Cyclical
Materials	Chemicals, metals, mining, paper, packaging	Cyclical
Real Estate	REITs, real estate management & development	Income
Communication Services	Telecom, media, entertainment, internet platforms	Mixed
Utilities	Electric, gas, water utilities	Defensive

